Sample,Group,Date,Event,No,PM2.5,NO2,NO,NOx,SO2,CO,WD,WS,Temp,RH,Pressure,OC,EC,WSOC,HULIS-C,NO3-,SO42-,Na+,NH4+,K+,Ca2+,Mg2+,O3,Chl,Org,NOy,HONO_ppb,HNO3_ppb,levo
FRIEND_2nd_Beijing-1,Beijing,2021-06-01,,1,30.84375,14.68181818,1.620909091,16.31272727,0.08,386.0291667,73.04583333,0.158333333,19.3625,57,993.0875,5.29,0.19,3.04,1.81,,,,,,,,26.41416667,,,,,,16.34
FRIEND_2nd_Beijing-2,Beijing,2021-06-02,,2,16.68208333,7.817083333,0.799166667,8.61625,0.192,183.8,92.3625,0.208333333,21.725,25.91666667,992.2958333,2.65,0.33,1.46,0.7,,,,,,,,29.24958333,,,,,,7.09
FRIEND_2nd_Beijing-3,Beijing,2021-06-03,Non-event,3,7.684583333,12.24318182,1.450909091,13.69454545,0.219,153.4454545,87.35416667,0.2375,22.19166667,22.29166667,988.35,3.63,0.34,1.42,0.55,,,,,,,,19.79541667,,,,,,12.57
FRIEND_2nd_Beijing-4,Beijing,2021-06-04,Non-event,4,6.706666667,11.93625,1.507083333,13.44208333,0.222222222,181.7208333,74.94583333,0.2125,24.29166667,22,985.4208333,3.17,0.56,1.45,0.6,,,,,,,,23.75875,,,,,,6.79
FRIEND_2nd_Beijing-5,Beijing,2021-06-05,Non-event,5,8.696666667,14.09083333,3.287083333,17.37625,0.09375,166.9583333,86.2875,0.195833333,26.34166667,22.25,984.7875,2.8,0.19,1.66,0.93,,,,,,,,24.00041667,,,,,,3.81
FRIEND_2nd_Beijing-6,Beijing,2021-06-06,,6,19.11708333,12.485,0.947916667,13.43125,0.229473684,386.4458333,65.85416667,0.15,26.37916667,31.75,990.6625,4.23,0.3,2.71,1.89,,,,,,,,40.505,,,,,,8.72
FRIEND_2nd_Beijing-7,Beijing,2021-06-07,,7,32.21958333,16.62625,2.474583333,19.1,0.230588235,460.7,68.05,0.204166667,23.52083333,48.83333333,996.6125,4.29,0.23,2.99,1.68,7.948662857,4.0494,,3.500427857,,,,47.105,0.064348164,9.539065714,,,,6.77
FRIEND_2nd_Beijing-8,Beijing,2021-06-08,,8,36.48666667,17.64916667,2.042083333,19.69041667,0.148823529,384.2458333,70.3875,0.120833333,24.79583333,44.83333333,996.9416667,5.27,0.34,3.17,1.61,2.629974478,3.903492696,,1.967527261,,,,44.62458333,0.026428264,7.339542222,,,,9.98
FRIEND_2nd_Beijing-9,Beijing,2021-06-09,,9,26.95333333,12.37791667,1.02,13.39916667,0.19,335.4375,78.11666667,0.108333333,20.33333333,67.66666667,996.7666667,4.55,0.44,2.19,1.04,2.50447225,2.32616325,,1.131491404,,,,24.76,0.030746559,4.882957083,,,,11.27
FRIEND_2nd_Beijing-10,Beijing,2021-06-10,,10,18.82636364,13.24272727,1.446818182,14.68909091,0.284615385,224.1272727,86.48181818,0.154545455,26.18181818,37.63636364,992.2363636,4.72,0.31,2.6,1.41,0.418868583,1.078445792,,0.450684208,,,,28.58681818,0.008163022,5.155911667,,,,9.16
FRIEND_2nd_Beijing-11,Beijing,2021-06-11,,11,17.185,17.70583333,2.232083333,19.93333333,0.2865,240.5708333,91.85,0.158333333,27.60416667,31.45833333,993.8208333,4.65,0.45,2.97,1.71,0.597243333,1.073202458,,0.512033208,,,,37.22583333,0.015423777,6.629040417,,,,11.82
FRIEND_2nd_Beijing-12,Beijing,2021-06-12,Event,12,54.49083333,23.29541667,1.355416667,24.65041667,0.396470588,668.7375,63.7375,0.1625,29.62916667,41.25,992.6333333,8.3,0.43,6.31,4.04,6.006195333,8.84814625,,3.86414125,,,,67.25,0.082107108,18.73749583,,,,1.13
FRIEND_2nd_Beijing-13,Beijing,2021-06-13,Event,13,72.86166667,13.12,0.121666667,13.23833333,0.16952381,676.4333333,44.69166667,0.166666667,26.93333333,62.08333333,988.1708333,6.11,0.32,4.93,2.86,7.0757925,5.95937375,,1.936769739,,,,65.09875,0.100075667,12.79622167,,,,12.67
FRIEND_2nd_Beijing-14,Beijing,2021-06-14,Event,14,67.40083333,8.735,0.105,8.838333333,0.1425,794.4375,48.84583333,0.158333333,22.7875,77.25,986.95,3.37,0.37,2.68,1.17,7.55434875,3.616307917,,0.784553538,,,,30.78083333,0.178954625,6.872301667,,,,10.79
FRIEND_2nd_Beijing-15,Beijing,2021-06-15,Event,15,44.43875,9.922272727,0.224545455,10.14636364,0.159583333,404.6166667,50.30416667,0.208333333,25.13333333,52.66666667,989.95,4.18,0.28,2.81,1.51,3.525175792,2.44308875,,0.971349014,,,,50.33333333,0.03884395,5.056959167,,,,4.35
FRIEND_2nd_Beijing-16,Beijing,2021-06-16,,16,37.51916667,8.475652174,0.498695652,8.974347826,0.16375,399.7833333,65.90833333,0.095833333,20.40416667,69.625,991.0208333,9.88,0.41,2.27,1.39,4.207159367,1.867336125,,0.971276452,,,,20.03291667,0.084537399,3.573875167,,,,6.74
FRIEND_2nd_Beijing-17,Beijing,2021-06-17,,17,14.205,6.913333333,1.22952381,8.144285714,0.275909091,98.35454545,89.30416667,0.208333333,26.9625,22.625,988.6333333,1.95,0.24,1.27,0.58,0.141419588,0.259084583,,0.1233177,,,,25.18375,0.007790267,1.378350125,,,,3.83
FRIEND_2nd_Beijing-18,Beijing,2021-06-18,,18,10.81291667,8.042272727,0.979545455,9.022727273,0.331666667,152.65,218.7392917,2.126354583,28.31739583,18.48064167,985.2111667,3.14,0.26,1.61,0.86,0.157669379,0.280881042,,0.148464958,,,,21.34208333,0.013851533,3.182484583,,,,3.88
FRIEND_2nd_Beijing-19,Beijing,2021-06-19,,19,12.37666667,10.49708333,3.165416667,13.66125,0.254166667,156.2916667,211.5775,2.156604417,29.1328375,20.64076667,984.55075,3.19,0.16,1.91,0.85,0.153384371,0.300758,,0.133400813,,,,21.45458333,0.010440423,3.937952917,,,,4.19
FRIEND_2nd_Beijing-20,Beijing,2021-06-20,,20,16.08958333,14.87791667,2.82,17.6975,0.255416667,211.3666667,201.6607083,1.304687792,29.29354583,26.90415833,986.0424167,4.3,0.19,2.91,1.67,0.233226679,0.419116458,,0.18419634,,,,25.76208333,0.00917602,5.377935207,,,,5
FRIEND_2nd_Beijing-21,Beijing,2021-06-21,,21,20.88625,13.82833333,1.424583333,15.25458333,0.318333333,334.8083333,151.5481667,1.753188583,28.807025,36.37180833,991.4777083,4.18,0.26,2.87,1.77,0.340039655,1.392258327,,0.527852139,,,,43.90125,0.011036807,5.698845714,,,,8.41
FRIEND_2nd_Beijing-22,Beijing,2021-06-22,,22,24.1225,9.736666667,0.6125,10.35041667,0.321666667,299.9375,162.2838042,2.198215,26.83945833,45.26530417,995.3700833,4.55,0.2,2.78,1.51,1.542787405,2.056248902,,1.161301772,,,,47.99875,0.024536964,5.948872053,,,,18.8
FRIEND_2nd_Beijing-23,Beijing,2021-06-23,,23,27.52291667,15.77291667,4.223333333,19.995,0.200833333,268.6416667,164.5810542,1.189673458,22.66261667,61.5326,996.1527917,3.53,0.26,2.61,1.34,2.560882125,2.783789583,,1.537985833,,,,29.13375,0.028552942,6.48836625,,,,12.38
FRIEND_2nd_Beijing-24,Beijing,2021-06-24,Event,24,58.38291667,12.82583333,0.503636364,13.22954545,0.179090909,433.15,154.9846667,0.690083167,22.20347083,75.77239583,993.1889167,5.55,0.22,4.3,2.61,14.44160875,3.9428625,,5.324884583,,,,33.135,0.087017104,13.231445,,,,21.94
FRIEND_2nd_Beijing-25,Beijing,2021-06-25,Event,25,62.2725,9.567083333,0.211666667,9.77875,0.15875,502.3291667,115.9610458,1.072624458,20.01504583,95.426175,988.8985417,8.24,0.37,5.63,3.05,7.583614125,2.375956875,,1.2223655,,,,33.8875,0.136709721,7.927157917,,,,29.56
FRIEND_2nd_Beijing-26,Beijing,2021-06-26,Event,26,67.06291667,11.54958333,0.472083333,12.02291667,0.155,549.7458333,142.4616417,0.953201833,23.3873875,82.25293333,989.8450417,5.02,0.17,4.18,2.39,7.289155833,3.128985417,,0.665649625,,,,36.0375,0.096468508,9.0850175,,,,15.09
FRIEND_2nd_Beijing-27,Beijing,2021-06-27,,27,46.8025,10.32217391,0.36,10.68217391,0.150833333,455.7391304,175.1526667,1.270319167,28.1614375,61.97464583,989.5743333,4.83,0.23,3.6,2.18,3.141786792,3.30907125,,1.09151125,,,,46.10791667,0.045809786,8.29837125,,,,9.58
FRIEND_2nd_Beijing-28,Beijing,2021-06-28,Event,28,72.76208333,8.4125,0.2,8.61375,0.171666667,603.0541667,128.1015542,1.376645583,27.16220417,68.47635417,988.9104167,4.63,0.31,3.63,2.23,6.460009583,4.152468333,,1.3019743,,,,57.47125,0.083041483,8.209805833,,,,9.19
FRIEND_2nd_Beijing-29,Beijing,2021-06-29,Event,29,52.21875,7.775,0.301666667,8.076666667,0.155416667,373.1375,146.3050833,1.322222458,23.86431667,83.19745417,988.8534167,3.06,0.28,2.32,1.22,3.2771525,1.717403958,,,,,,37.41333333,0.053643717,4.608032917,,,,9.02
FRIEND_2nd_Beijing-30,Beijing,2021-06-30,,30,27.23857143,7.708571429,0.267857143,7.977857143,0.136428571,285.8357143,176.4508571,1.7979995,26.82955,62.66592857,988.2808571,,,,,0.721202714,1.145486214,,0.0509922,,,,50.21785714,0.011232414,4.098572143,,,,
FRIEND_2nd_Noto-1,Noto,2021-06-01,,1,,,0.034827552,0.493344863,0.208333333,119.345874,,,,,,1.12,0.09,0.61,0.18,0.093965517,2.206896552,,0.385172414,,,,32.85492945,0.021724138,1.23637931,0.865135359,,,8.242
FRIEND_2nd_Noto-2,Noto,2021-06-02,,2,18.47619048,,0.050292915,0.943313581,,144.9177188,,,,,,2.44,0.09,1.34,0.7,0.347118644,2.921864407,,0.644067797,,,,45.90196768,0.034745763,4.23779661,1.931188377,,,2.082
FRIEND_2nd_Noto-3,Noto,2021-06-03,,3,17.2125,,0.023473867,1.063354166,0.394736842,153.798706,,,,,,2.98,0.32,1.9,1.05,0.391525424,3.477457627,,0.740338983,,,,51.24600711,0.03220339,5.860169492,2.15101936,,,6.243
FRIEND_2nd_Noto-4,Noto,2021-06-04,Non-event,4,8.508695652,,0.019225113,0.425200464,0.317391304,142.9705127,,,,,,0.87,0.01,0.79,0.21,0.068103448,1.176551724,,0.231724138,,,,44.80296673,0.02,0.981034483,0.729466603,,,0.976
FRIEND_2nd_Noto-5,Noto,2021-06-05,,5,12.14583333,,0.035922151,0.814531224,0.191666667,153.3176031,,,,,,2.05,0.09,1.46,0.85,0.267288136,2.492881356,,0.441694915,,,,48.73082787,0.018474576,3.836271186,1.55089088,,,2.715
FRIEND_2nd_Noto-6,Noto,2021-06-06,Event,6,25.15833333,,0.055620095,1.083861496,0.2125,211.8058467,,,,,,3,0.16,1.86,1.24,0.676949153,6.513389831,,1.39220339,,,,44.60458599,0.078813559,6.801186441,2.277466831,,,4.268
FRIEND_2nd_Noto-7,Noto,2021-06-07,Event,7,24.02916667,,0.02437263,0.949318058,0.191666667,226.0351215,,,,,,3.68,0.21,2.35,1.38,0.737931034,8.766896552,,1.771896552,,,,54.28158036,0.054310345,7.426896552,2.4854438,,,3.228
FRIEND_2nd_Noto-8,Noto,2021-06-08,Event,8,25.875,,0.028959258,0.824585143,0.241666667,185.4843438,,,,,,2.39,0.14,1.7,0.99,0.928474576,9.981694915,,2.051864407,,,,46.61290731,0.074576271,6.179152542,2.07572057,,,13.961
FRIEND_2nd_Noto-9,Noto,2021-06-09,Event,9,25.35416667,,0.018907055,0.415516155,0.247826087,203.1715114,,,,,,1.58,0.12,1.19,0.57,0.834237288,10.56694915,,2.118305085,,,,49.39415895,0.077966102,3.79559322,1.550356764,,,0.945
FRIEND_2nd_Noto-10,Noto,2021-06-10,,10,23.8875,,0.032900207,0.632375482,0.254166667,179.2052839,,,,,,2.65,0.1,1.9,1.13,0.353793103,6.575689655,,1.360689655,,,,43.81166939,0.035689655,5.197586207,1.848204038,,,10.326
FRIEND_2nd_Noto-11,Noto,2021-06-11,,11,21.04166667,,0.028776462,0.852438944,0.270833333,170.8999193,,,,,,3.02,0.11,2.31,1.3,0.401525424,6.071016949,,1.253728814,,,,45.94660167,0.036610169,8.51559322,1.970189223,,,4.316
FRIEND_2nd_Noto-12,Noto,2021-06-12,,12,15.92916667,,0.026457094,0.723971612,0.2625,146.9175707,,,,,,2.21,0.08,1.76,1.41,0.344237288,4.516949153,,0.97779661,,,,38.34944223,0.045932203,6.030847458,1.487823533,,,18.891
FRIEND_2nd_Noto-13,Noto,2021-06-13,,13,14.12083333,,0.01946733,0.61628917,0.2875,140.9645338,,,,,,1.79,0.09,1.66,1.03,0.291896552,3.825689655,,0.795517241,,,,42.45567489,0.035172414,5.174137931,1.202809662,,,1.96
FRIEND_2nd_Noto-14,Noto,2021-06-14,,14,11.90833333,,0.020718417,0.325700376,0.270833333,140.5083748,,,,,,1.15,0.07,0.95,0.47,0.164230769,3.865769231,,0.738461538,,,,39.71797604,0.024423077,2.220576923,0.684003501,,,1.06
FRIEND_2nd_Noto-15,Noto,2021-06-15,,15,12.57083333,,0.028817753,0.458648722,0.295833333,140.225844,,,,,,1.28,0.08,0.9,0.32,0.252195122,4.291219512,,1.009512195,,,,42.36657509,0.038292683,2.673414634,1.035481734,,,4.025
FRIEND_2nd_Noto-16,Noto,2021-06-16,,16,13.67083333,,0.028167608,0.379784813,0.304347826,133.5286455,,,,,,1.31,0.07,1.11,0.6,0.220338983,4.397966102,,0.700677966,,,,40.78230234,0.043898305,3.253559322,0.968944079,,,12.768
FRIEND_2nd_Noto-17,Noto,2021-06-17,,17,13.3375,,0.038627969,0.495550023,0.25,129.4750195,,,,,,1.1,0.04,0.87,0.33,0.196724138,5.552931034,,1.057758621,,,,38.06047516,0.034827586,3.01362069,1.089781724,,,0.955
FRIEND_2nd_Noto-18,Noto,2021-06-18,,18,13.08333333,,0.058768108,0.847597538,0.279166667,138.8043668,,,,,,1.7,0.06,1.51,0.84,0.436949153,7.336610169,,1.422542373,,,,39.09528312,0.05,5.900508475,1.680697268,,,
FRIEND_2nd_Noto-19,Noto,2021-06-19,Non-event,19,6.783333333,,0.036623444,0.74374568,0.270833333,118.27157,,,,,,1.09,0.06,0.75,0.32,0.144745763,1.173559322,,0.345084746,,,,29.19745562,0.029491525,1.60779661,1.013379689,,,1.036
FRIEND_2nd_Noto-20,Noto,2021-06-20,Non-event,20,7.3875,,0.034452924,0.4022719,0.25,112.0870573,,,,,,1.19,0.03,0.72,0.52,0.093050847,1.612033898,,0.351525424,,,,29.96215936,0.039830508,0.956271186,0.612274047,,,0.455
FRIEND_2nd_Noto-21,Noto,2021-06-21,,21,12.48333333,,0.030777519,0.511957232,0.2625,131.5836836,,,,,,1.21,0.07,0.92,0.66,0.260172414,3.687241379,,0.683448276,,,,37.87874358,0.051551724,2.678103448,0.949699181,,,1.095
FRIEND_2nd_Noto-22,Noto,2021-06-22,,22,11.04583333,,0.032910012,0.410914535,0.241666667,130.0213391,,,,,,1.09,0.07,0.58,0.22,0.073333333,1.947222222,,0.3775,,,,37.93502443,0.021111111,0.907222222,0.806364341,,,3.557
FRIEND_2nd_Noto-23,Noto,2021-06-23,Non-event,23,9.908333333,,0.029500508,0.404662452,0.260869565,124.3600619,,,,,,1.14,0.06,0.63,0.16,0.066949153,2.124915254,,0.403050847,,,,30.52083507,0.014237288,0.966779661,0.678515335,,,1.851
FRIEND_2nd_Noto-24,Noto,2021-06-24,Non-event,24,8.65,,0.034114268,0.4166048,0.229166667,120.4816578,,,,,,0.98,0.06,0.67,0.41,0.073050847,2.733728814,,0.44779661,,,,31.74741322,0.023728814,1.143220339,0.749154466,,,5.609
FRIEND_2nd_Noto-25,Noto,2021-06-25,,25,15.69166667,,0.034089421,0.488197384,0.2375,127.5307115,,,,,,1.27,0.04,0.81,0.43,0.129137931,3.273965517,,0.582586207,,,,33.15862717,0.028793103,1.90137931,0.995963916,,,1.659
FRIEND_2nd_Noto-26,Noto,2021-06-26,,26,15.35416667,,0.025128636,0.68765383,0.220833333,158.9669283,,,,,,1.98,0.08,1.49,0.93,0.280508475,4.268305085,,0.758135593,,,,43.07642493,0.04440678,4.677118644,1.443176403,,,22.151
FRIEND_2nd_Noto-27,Noto,2021-06-27,,27,16.46666667,,0.025051218,0.602887559,0.283333333,131.2263624,,,,,,0.85,0.05,0.68,0.32,0.182881356,3.903050847,,0.808644068,,,,39.83407573,0.028983051,3.158813559,1.162818845,,,0.83
FRIEND_2nd_Noto-28,Noto,2021-06-28,,28,17.475,,0.033864831,0.499453367,0.225,126.6025964,,,,,,1.81,0.06,1.34,0.87,0.205689655,4.401551724,,0.832931034,,,,40.25889036,0.032931034,4.088965517,1.197901528,,,3.838
FRIEND_2nd_Noto-29,Noto,2021-06-29,,29,16.8875,,0.023565953,0.563691903,0.279166667,122.9613758,,,,,,1.91,0.07,1.38,0.81,0.195254237,4.354576271,,0.765254237,,,,33.74914303,0.037457627,3.861694915,1.187789032,,,9.955
FRIEND_2nd_Noto-30,Noto,2021-06-30,,30,16.39333333,,0.025698441,0.445785583,0.246666667,126.7978585,,,,,,0.12,0,0.07,0.02,0.152033898,3.679152542,,0.741864407,,,,37.07636104,0.032881356,2.868813559,1.080653174,,,0.01
FRIEND_2nd_Seosan-1,Seosan,2021-06-01,,1,26.56521739,,2.326086957,,3.308695652,412.626087,,,,,,5.29,0.26,3.38,2.33,4.891304348,5.320434783,0.009130435,3.942173913,0.062173913,0.035217391,0.017391304,46.32608696,,,12.26086957,,,41.43
FRIEND_2nd_Seosan-2,Seosan,2021-06-02,,2,18.39130435,,1.965217391,,2.647826087,344.9130435,,,,,,5.23,0.23,3.37,2.37,1.597826087,4.436086957,0.013913043,2.446086957,0.116956522,0.046956522,0.030869565,52.82173913,,,7.286956522,,,69.87
FRIEND_2nd_Seosan-3,Seosan,2021-06-03,,3,11,,1.926086957,,1.482608696,360.6217391,,,,,,2.24,0.12,1.51,1.17,1.766956522,2.257826087,0.003478261,1.566521739,0.042272727,0.016086957,0.015217391,43.33043478,,,7.130434783,,,22.06
FRIEND_2nd_Seosan-4,Seosan,2021-06-04,,4,17.30434783,,0.282608696,,1.439130435,339.3913043,,,,,,2.25,0.17,1.69,1.17,3.77173913,2.953913043,0.01,2.506086957,0.023478261,0.020869565,0.017826087,67.8,,,4.308695652,,,5.2
FRIEND_2nd_Seosan-5,Seosan,2021-06-05,Event,5,43.91304348,,0.304347826,,1.508695652,503.2478261,,,,,,5.73,0.24,4.63,4.13,11.63894737,7.454736842,0.02,6.59,0.114782609,0.049565217,0.05,91.69130435,,,10.17391304,,,14.84
FRIEND_2nd_Seosan-6,Seosan,2021-06-06,,6,15.08695652,,0.626086957,,1.343478261,329.4652174,,,,,,2.65,0.22,1.72,0.86,1.96,3.26,0.02173913,1.892608696,0.051304348,0.035652174,0.040869565,67.02173913,,,4.804347826,,,20.17
FRIEND_2nd_Seosan-7,Seosan,2021-06-07,Non-event,7,9.739130435,,1.252173913,,1.360869565,285.0782609,,,,,,2.36,0.17,1.58,0.93,1.164782609,2.093043478,0.003478261,1.222608696,0.033478261,0.02,0.012173913,49.63478261,,,5.908695652,,,49.7
FRIEND_2nd_Seosan-8,Seosan,2021-06-08,,8,14.2173913,,2.260869565,,2.243478261,330.5130435,,,,,,3.94,0.18,2.7,1.74,3.147391304,2.084782609,0.00173913,2.294347826,0.042608696,0.010434783,0.007826087,36.16521739,,,11.5826087,,,47.29
FRIEND_2nd_Seosan-9,Seosan,2021-06-09,,9,32.13043478,,0.760869565,,3.186956522,479.1173913,,,,,,8.92,0.3,6.79,4.37,3.81173913,5.066956522,0.001304348,3.743043478,0.083478261,0.024782609,0.010434783,60.09565217,,,12.46521739,,,82.62
FRIEND_2nd_Seosan-10,Seosan,2021-06-10,,10,16.26086957,,0.086956522,,2.173913043,339.4043478,,,,,,4.69,0.22,3.48,2.16,1.07,4.010434783,0.004347826,2.04,0.177368421,0.03,0.010869565,63.92608696,,,3.076190476,,,
FRIEND_2nd_Seosan-11,Seosan,2021-06-11,,11,12.52173913,,0.352173913,,1.639130435,362.3826087,,,,,,2.12,0.12,1.79,0.89,2.946666667,2.275238095,0,2.352380952,0.014285714,0.024,0.004285714,38.73478261,,,6.343478261,,,21.66
FRIEND_2nd_Seosan-12,Seosan,2021-06-12,,12,23.95652174,,0.691304348,,2.895652174,423.5782609,,,,,,5.04,0.23,4.16,2.5,6.523478261,4.36,0.001304348,3.980869565,0.036521739,0.019565217,0.005652174,44.57391304,,,12.61304348,,,39.95
FRIEND_2nd_Seosan-13,Seosan,2021-06-13,,13,21.34782609,,0.734782609,,1.382608696,385.7826087,,,,,,2.97,0.2,2.44,1.35,4.314347826,5.686521739,0,4.056956522,0.021304348,0.006956522,0.005652174,30.93478261,,,7.747826087,,,29.52
FRIEND_2nd_Seosan-14,Seosan,2021-06-14,,14,25.39130435,,2.4,,1.473913043,453.1391304,,,,,,4.49,0.31,3.21,1.7,6.512608696,5.473478261,0.000434783,4.686086957,0.037391304,0.004782609,0.000434783,37.00555556,,,10.54782609,,,41.6
FRIEND_2nd_Seosan-15,Seosan,2021-06-15,,15,15.69565217,,3.004347826,,1.204347826,375.5869565,,,,,,3.39,0.13,2.58,1.41,3.683043478,4,0,2.864782609,0.059090909,0.007826087,0.00173913,39.00869565,,,8.995652174,,,13.72
FRIEND_2nd_Seosan-16,Seosan,2021-06-16,Non-event,16,4.913043478,,2.673913043,,0.995652174,327.0217391,,,,,,2.98,0.16,2.09,1.07,0.327391304,0.928695652,0,0.327826087,0.042608696,0.007391304,0,42.5173913,,,6.139130435,,,10.26
FRIEND_2nd_Seosan-17,Seosan,2021-06-17,Non-event,17,6.565217391,,1.108695652,,0.991304348,324.9304348,,,,,,1.61,0.13,1.25,0.65,2.3055,1.0665,0,1.357,0.025,0.0385,0.003,45.56521739,,,3.495652174,,,10.76
FRIEND_2nd_Seosan-18,Seosan,2021-06-18,,18,15.7826087,,0.704347826,,0.908695652,414.5913043,,,,,,1.94,0.17,1.5,0.73,4.592380952,2.935714286,0,3.263333333,0.005789474,0.006190476,0.001904762,48.36521739,,,4.465217391,,,16.97
FRIEND_2nd_Seosan-19,Seosan,2021-06-19,Event,19,34.60869565,,0.769565217,,1.117391304,502.8782609,,,,,,3.45,0.21,2.81,1.47,10.22478261,7.144782609,0,6.583913043,0.020434783,0.006086957,0.001304348,58.99130435,,,8.37826087,,,44.2
FRIEND_2nd_Seosan-20,Seosan,2021-06-20,Event,20,48.91304348,,0.613043478,,1.67826087,539.9,,,,,,4.63,0.2,4.01,2.03,15.25173913,9.470869565,0.003913043,9.129565217,0.119130435,0.019130435,0.009130435,81.36086957,,,11.35217391,,,27.82
FRIEND_2nd_Seosan-21,Seosan,2021-06-21,,21,21.30434783,,1.747826087,,1.97826087,459.7521739,,,,,,4.42,0.25,3.08,1.82,3.847391304,5.355652174,0,3.43,0.086363636,0.014782609,0.013913043,49.36521739,,,8.726086957,,,54.41
FRIEND_2nd_Seosan-22,Seosan,2021-06-22,,22,17.69565217,,1.691304348,,1.582608696,405.2434783,,,,,,4.5,0.18,2.82,1.54,2.389565217,3.615217391,0.002608696,2.169565217,0.079565217,0.01173913,0.012173913,54.99130435,,,7.847826087,,,38.18
FRIEND_2nd_Seosan-23,Seosan,2021-06-23,,23,20.47826087,,4.339130435,,0.952173913,441.2,,,,,,3.54,0.19,3.34,1.75,4.782173913,3.630869565,0,3.082608696,0.05173913,0.003913043,0.006086957,26.42173913,,,14.16086957,,,28.2
FRIEND_2nd_Seosan-24,Seosan,2021-06-24,,24,25.69565217,,1.739130435,,0.9,433.0782609,,,,,,5.49,0.5,2.82,1.3,6.83,4.456363636,0.001363636,4.287272727,0.047647059,0.018636364,0.010909091,44.96956522,,,8.72173913,,,27.39
FRIEND_2nd_Seosan-25,Seosan,2021-06-25,,25,13.39130435,,0.682608696,,0.873913043,373.6956522,,,,,,2.73,0.17,1.74,0.8,2.660869565,4.205652174,0.005652174,2.471304348,0.020434783,0.007391304,0.015652174,37.53913043,,,4.395652174,,,8.32
FRIEND_2nd_Seosan-26,Seosan,2021-06-26,,26,23.47826087,,2.191304348,,1.043478261,446.1608696,,,,,,4.1,0.24,3.06,1.47,6.143478261,4.28173913,0,3.786956522,0.020869565,0.006086957,0.005652174,52.11304348,,,9.691304348,,,20.55
FRIEND_2nd_Seosan-27,Seosan,2021-06-27,,27,27.43478261,,1.247826087,,2.117391304,520.2304348,,,,,,6.62,0.22,5.22,2.71,4.828695652,4.803043478,0,3.633478261,0.031304348,0.00826087,0.003478261,60.33043478,,,9.169565217,,,24.43
FRIEND_2nd_Seosan-28,Seosan,2021-06-28,Event,28,40.69565217,,1.708695652,,2.143478261,553.0826087,,,,,,6.63,0.21,5.61,2.82,11.44,6.64826087,0,6.603913043,0.052608696,0.007826087,0.005217391,56.92173913,,,15.33478261,,,16.67
FRIEND_2nd_Seosan-29,Seosan,2021-06-29,,29,27.69565217,,5.073913043,,2.165217391,480.5826087,,,,,,4.69,0.22,3.61,1.69,4.734347826,7.281304348,0,4.795217391,0.042272727,0.006956522,0.007391304,42.88695652,,,13.85217391,,,23.06
FRIEND_2nd_Seosan-30,Seosan,2021-06-30,,30,27.92307692,,3.084615385,,2.153846154,490.6538462,,,,,,4.58,0.25,3.33,2.23,3.69,9.106923077,0,5.062307692,0.044615385,0.01,0.01,53.19230769,,,10.16153846,,,11.48
FRIEND_2nd_Seoul-1,Seoul,2021-06-01,,1,30.375,,2.778278863,,0.961015635,254.3836292,,,,,,5.82,0.35,3.18,2.02,5.942872917,6.960604167,0.050072917,4.98426875,0.05555,0.038847917,0.013908333,26.23055547,,,20.79201917,,,17.89
FRIEND_2nd_Seoul-2,Seoul,2021-06-02,,2,27.66666667,,1.98131659,,1.990352243,223.3186396,,,,,,5.37,0.25,3.92,2.63,2.01719375,6.5201125,0.114739583,3.201414583,0.0916,0.073277083,0.024716667,54.36058007,,,16.52023125,,,9.42
FRIEND_2nd_Seoul-3,Seoul,2021-06-03,,3,15.79166667,,1.196477333,,0.810520361,189.9346224,,,,,,2.5,0.22,1.5,0.97,2.757689583,2.836529167,0.045522917,2.01224375,0.041104167,0.044460417,0.011379167,33.22296375,,,14.54448292,,,15.05
FRIEND_2nd_Seoul-4,Seoul,2021-06-04,,4,24.125,,1.659854167,,1.419461096,256.5589889,,,,,,3.99,0.28,2.06,1.28,5.582852083,3.713804167,0.073247917,3.262097917,0.042166667,0.049539583,0.017195833,53.79320632,,,14.85099208,,,6.02
FRIEND_2nd_Seoul-5,Seoul,2021-06-05,Event,5,46.83333333,,1.067601833,,1.333986026,372.4507944,,,,,,6.85,0.39,4.23,2.54,12.48708125,10.27208333,0.217664583,8.041714583,0.144658333,0.074510417,0.037133333,71.99439965,,,13.31698333,,,12.18
FRIEND_2nd_Seoul-6,Seoul,2021-06-06,,6,30.70833333,,1.038222917,,1.145222265,299.9457701,,,,,,5.19,0.29,3.13,1.84,5.295227083,7.320033333,0.188527083,4.320039583,0.074170833,0.062827083,0.031583333,66.51613444,,,10.72839083,,,10.32
FRIEND_2nd_Seoul-7,Seoul,2021-06-07,,7,27.625,,2.0899653,,1.190544757,325.7796069,,,,,,5.44,0.37,2.91,1.91,5.93384375,4.099554167,0.06416875,3.18538125,0.067883333,0.05555625,0.013804167,30.76170456,,,20.6806747,,,18.51
FRIEND_2nd_Seoul-8,Seoul,2021-06-08,,8,33.04166667,,2.168592821,,0.983008558,276.9308951,,,,,,7.15,0.37,4.36,2.94,7.23306875,4.544070833,0.02953125,3.98315625,0.0435875,0.035635417,0.0065375,39.70490375,,,21.05127644,0.855527969,0.495525555,26.43
FRIEND_2nd_Seoul-9,Seoul,2021-06-09,,9,32.875,,1.08897558,,0.935046682,297.4741083,,,,,,11,0.47,7.94,5.51,3.670760417,3.377841667,0.025010417,2.146747917,0.056508333,0.045489583,0.005416667,68.18663271,,,18.11786072,0.862012107,2.865041217,20
FRIEND_2nd_Seoul-10,Seoul,2021-06-10,,10,30,,0.594578154,,1.110356148,245.5847215,,,,,,6.31,0.28,4.79,3.18,3.711727083,5.3708125,0.037389583,3.305197917,0.089558333,0.03659375,0.0071625,57.57682993,,,14.34695282,0.356351122,1.949331319,22.11
FRIEND_2nd_Seoul-11,Seoul,2021-06-11,,11,16.125,,2.323916803,,1.250539119,163.2940528,,,,,,2.76,0.18,1.52,0.92,3.358410417,3.1660125,0.00880625,2.36820625,0.017788021,0.010759896,0.003829167,32.33392938,,,12.68785466,0.238970368,0.238163591,12.48
FRIEND_2nd_Seoul-12,Seoul,2021-06-12,,12,15.25,,3.674360578,,0.816406522,208.1875597,,,,,,5.37,0.28,3.5,2.47,0.933427083,1.971341667,0.00680625,0.83234375,0.031643229,0.017310417,0.00365,31.95987773,,,12.0899205,0.258439436,0.308762557,29.23
FRIEND_2nd_Seoul-13,Seoul,2021-06-13,,13,24.95833333,,3.221261188,,2.121630594,244.2460618,,,,,,6.41,0.31,4.27,3.03,3.22130625,4.214604167,0.01854375,2.481427083,0.063025,0.02751875,0.004383333,40.04868403,,,16.10338521,0.263145342,0.245430995,24.62
FRIEND_2nd_Seoul-14,Seoul,2021-06-14,Event,14,42.20833333,,2.048541705,,2.084335733,338.6282743,,,,,,9.04,0.42,5.71,3.66,12.68326042,5.3783875,0.018410417,6.03449375,0.04815,0.031647917,0.003333333,49.34547563,,,27.63015794,0.343923198,0.310550478,15.77
FRIEND_2nd_Seoul-15,Seoul,2021-06-15,,15,8.5,,1.119614108,,0.601723869,145.4653451,,,,,,2.36,0.18,1.53,1.03,1.055739583,1.548125,0.00366875,0.89883125,0.0238625,0.006578906,0.001275,32.08775371,,,7.408714975,0.139312157,0.178525941,4.73
FRIEND_2nd_Seoul-16,Seoul,2021-06-16,Non-event,16,6.041666667,,0.766810462,,0.68164243,115.2323435,,,,,,2.08,0.11,1.06,0.66,0.085650893,0.714951786,0.00430625,0.198227679,0.005891071,0.006384821,0.002355357,36.97283465,,,4.964583403,0.141685148,0.071263949,1.6
FRIEND_2nd_Seoul-17,Seoul,2021-06-17,,17,16.5,,1.602645264,,0.858305916,185.5100076,,,,,,3.08,0.21,1.74,1.25,5.554288194,3.167670833,0.01360625,2.964472917,0.012652083,0.00995,0.004023611,27.38176126,,,14.64492948,0.169569646,0.033469417,1.6
FRIEND_2nd_Seoul-18,Seoul,2021-06-18,,18,24.625,,1.411468604,,0.674067964,267.5330771,,,,,,2.83,0.2,1.66,0.91,7.234572917,5.274466667,0.011664583,4.681497917,0.010609896,0.006952083,0.001303646,36.8321384,,,14.47059128,0.192251048,0.025352108,4.48
FRIEND_2nd_Seoul-19,Seoul,2021-06-19,Event,19,40.20833333,,1.298545698,,2.219801224,353.6510444,,,,,,5.69,0.25,3.67,2.37,11.35248125,8.853841667,0.023947917,7.145985417,0.036116667,0.022760417,0.006316667,54.92276104,,,15.09734451,0.733511318,1.964684922,12.69
FRIEND_2nd_Seoul-20,Seoul,2021-06-20,Event,20,50.70833333,,0.456681533,,1.367512654,330.2587917,,,,,,6.2,0.32,3.78,1.96,16.85311458,11.07012083,0.098814583,9.798327083,0.1252,0.03498125,0.015145833,72.86331035,,,13.89665968,0.497144022,0.799040411,12.29
FRIEND_2nd_Seoul-21,Seoul,2021-06-21,,21,20.75,,1.387180102,,1.233890064,223.9496083,,,,,,4.01,0.26,2.39,1.55,2.73393125,4.992904167,0.031777083,2.530297917,0.061158333,0.033535417,0.014308333,43.19394602,,,11.79535513,0.471812411,0.958305299,8.64
FRIEND_2nd_Seoul-22,Seoul,2021-06-22,,22,17.70833333,,0.953648369,,1.082530506,198.8275639,,,,,,3.64,0.19,2.59,1.58,1.428677083,2.6460375,0.012772917,1.292427083,0.029733333,0.01957474,0.005216667,48.20774701,,,10.58016065,0.317507344,1.290129054,6.69
FRIEND_2nd_Seoul-23,Seoul,2021-06-23,Non-event,23,14.875,,1.093307988,,0.705731105,215.2339979,,,,,,3.65,0.18,2.66,1.74,1.911589583,2.757875,0.01334375,1.505622917,0.0199875,0.01396875,0.0033625,42.13590917,,,11.35272508,0.381738884,1.016192835,7.54
FRIEND_2nd_Seoul-24,Seoul,2021-06-24,Event,24,38.20833333,,1.816651092,,1.481456472,338.0946813,,,,,,5.02,0.33,3.5,2.18,9.230614583,7.835079167,0.04149375,6.009252083,0.031983333,0.02381875,0.009558333,43.10752167,,,17.98697955,0.550381071,1.402508098,9.51
FRIEND_2nd_Seoul-25,Seoul,2021-06-25,,25,24.83333333,,2.258475324,,0.988300269,209.3987313,,,,,,3.44,0.22,2.42,1.44,4.611047917,6.090233333,0.069610417,3.619064583,0.047541667,0.02653125,0.015591667,40.27696392,,,15.68753918,0.363601463,1.002616952,8.18
FRIEND_2nd_Seoul-26,Seoul,2021-06-26,,26,15.33333333,,2.951757232,,0.6769173,201.7014986,,,,,,3.3,0.2,2.35,1.57,1.498897917,3.553445833,0.012772917,1.70644375,0.023308333,0.010160417,0.0041625,35.22911174,,,10.27500365,1.056483565,1.29548922,12.59
FRIEND_2nd_Seoul-27,Seoul,2021-06-27,Non-event,27,14.08333333,,1.190996678,,0.648781773,201.5153514,,,,,,3.24,0.14,2.46,1.58,0.63199375,3.561075,0.01514375,1.426439583,0.023029167,0.00520625,0.003691667,45.43320301,,,7.309623236,0.633310631,2.498025192,5.61
FRIEND_2nd_Seoul-28,Seoul,2021-06-28,,28,15.91666667,,3.055054025,,0.780459434,237.2603486,,,,,,3.84,0.27,2.66,1.71,1.02699375,4.059654167,0.018539583,1.61740625,0.020351563,0.016997917,0.004166667,24.40756474,,,17.68995777,1.428132507,1.621745635,8.33
FRIEND_2nd_Seoul-29,Seoul,2021-06-29,,29,30,,2.785530569,,0.84303681,277.0873382,,,,,,4.48,0.29,3.13,2.11,5.448647917,6.5413,0.017372917,4.309927083,0.02435,0.01379375,0.003779167,26.54361119,,,18.0400789,1.506594909,1.5200331,12.84
FRIEND_2nd_Seoul-30,Seoul,2021-06-30,,30,29.4,,1.447997595,,0.72375403,296.6658422,,,,,,,,,,4.83339375,6.5089375,0.019859583,3.917142917,0.021549167,0.017982917,0.0041525,37.37700898,,,18.85732458,1.053066918,2.559900174,
FRIEND_2nd_Ulan-1,Ulaanbaatar,2021-06-01,,1,,31.5,18.58333333,59.60869565,4.291666667,0.36775,197.3333333,0.875,6.283333333,46.41666667,864.8333333,9.953,1.954,2.93,0.77,0.61,2.445,0.304,0.567,0.084,1.962,0.104,,,,,,,
FRIEND_2nd_Ulan-2,Ulaanbaatar,2021-06-02,,2,15.54545455,35.54545455,23.5,71.04545455,5.681818182,0.847727273,123.9090909,0.863636364,9.340909091,62.18181818,869.1818182,7.622,1.356,3.97,3.81,0.763,1.405,0.155,0.581,0.076,1.249,0.063,,,,,,,64.16
FRIEND_2nd_Ulan-3,Ulaanbaatar,2021-06-03,,3,12.91666667,45.875,26.79166667,86.41666667,8.416666667,0.109083333,199.4583333,0.791666667,14.68333333,42.54166667,865.5416667,10.37,1.627,5.06,2.6,0.696,1.37,0.231,0.49,0.098,2.48,0.088,,,,,,,124.71
FRIEND_2nd_Ulan-4,Ulaanbaatar,2021-06-04,,4,,48.73913043,23.82608696,85.04347826,11.52173913,0.422956522,154.75,1.083333333,16.74166667,34.75,861.6666667,24.423,6.694,7.62,4.02,1.798,4.608,1.142,0.512,0.263,7.685,0.304,,,,,,,135.24
FRIEND_2nd_Ulan-5,Ulaanbaatar,2021-06-05,,5,,47.95833333,17.70833333,74.5,15.75,0.266291667,165.9583333,1.375,22.92083333,22.91666667,855.4583333,14.909,3.295,5.32,3.02,1.236,3.813,0.826,0.386,0.171,6.36,0.221,,,,,,,2.03
FRIEND_2nd_Ulan-6,Ulaanbaatar,2021-06-06,,6,15.91666667,38.75,25.29166667,76.91666667,14.45833333,0.681416667,124.75,0.916666667,15.45833333,53.70833333,856.9166667,,,,,,,,,,,,,,,,,,55.58
FRIEND_2nd_Ulan-7,Ulaanbaatar,2021-06-07,Non-event,7,9.166666667,32,28.83333333,75.58333333,4.333333333,0.297458333,170.5416667,1.25,5.6625,74.20833333,862.5833333,4.483,0.924,0.87,0.53,0.229,0.713,0.113,0.147,0.052,1.924,0.058,,,,,,,39.62
FRIEND_2nd_Ulan-8,Ulaanbaatar,2021-06-08,,8,10.875,49.91666667,51.91666667,128.9583333,5.875,1.131541667,263.9166667,0.708333333,8.416666667,76.25,866.25,6.978,1.159,3.64,2.37,0.476,1.653,0.065,0.65,0.068,1.112,0.049,,,,,,,83.3
FRIEND_2nd_Ulan-9,Ulaanbaatar,2021-06-09,,9,15.20833333,42.58333333,25.25,80.79166667,11.625,0.4245,142.3333333,1.125,14.5375,48.20833333,865.125,13.651,2.176,4.9,3.96,0.773,2.245,0.435,0.347,0.144,3.83,0.151,,,,,,,86.67
FRIEND_2nd_Ulan-10,Ulaanbaatar,2021-06-10,,10,10.08333333,56.95833333,27.875,99.58333333,10.33333333,0.745458333,118.9166667,0.833333333,18.82916667,41.58333333,861.2083333,9.491,1.644,3.17,1.63,1.041,2.609,0.477,0.436,0.144,4.196,0.155,,,,,,,35.83
FRIEND_2nd_Ulan-11,Ulaanbaatar,2021-06-11,,11,16.91666667,44.91666667,26.54166667,85.29166667,10,0.620875,98,0.75,15.74166667,59.70833333,863.9583333,10.684,1.293,4.43,2.97,0.899,2.453,0.251,0.462,0.112,2.682,0.122,,,,,,,40.46
FRIEND_2nd_Ulan-12,Ulaanbaatar,2021-06-12,,12,12.5,48.125,16.66666667,73.375,13.375,0.279166667,130.1666667,0.916666667,20.22916667,41,863.4166667,12.421,2.035,4.19,2.25,1.491,3.199,0.584,0.408,0.166,5.39,0.188,,,,,,,27.47
FRIEND_2nd_Ulan-13,Ulaanbaatar,2021-06-13,,13,10.41666667,51.79166667,27.79166667,93.75,6.833333333,0.662375,100.7916667,0.541666667,16.09166667,62.83333333,862.3333333,6.753,0.909,2.39,1.57,0.835,2.077,0.186,0.546,0.092,2.306,0.099,,,,,,,40.9
FRIEND_2nd_Ulan-14,Ulaanbaatar,2021-06-14,,14,10.375,51.375,25.79166667,90.33333333,3.75,0.452166667,138.7916667,0.75,14.78333333,66.66666667,863.0833333,6.988,1.322,3.73,1.86,0.931,1.393,0.205,0.258,0.092,1.904,0.091,,,,,,,46.4
FRIEND_2nd_Ulan-15,Ulaanbaatar,2021-06-15,,15,11.45833333,49.83333333,36.95833333,106.1666667,1.75,0.408666667,158.6666667,0.5,9.9375,70.79166667,863.9583333,4.673,1.153,2.48,0.73,0.691,1.137,0.066,0.428,0.064,0.774,0.047,,,,,,,41.83
FRIEND_2nd_Ulan-16,Ulaanbaatar,2021-06-16,,16,10.29166667,35.75,35.70833333,90,1.041666667,0.271083333,287.25,0.958333333,10.41666667,53.75,865.1666667,8.546,1.756,2.86,1.71,0.463,2.015,0.377,0.222,0.121,3.71,0.121,,,,,,,29.71
FRIEND_2nd_Ulan-17,Ulaanbaatar,2021-06-17,,17,11.29166667,39.375,38.375,98,2.875,0.954208333,288.9166667,0.916666667,11.29583333,61.41666667,866.875,9.521,1.534,5.17,2.96,0.483,1.346,0.236,0.24,0.1,2.85,0.093,,,,,,,86.32
FRIEND_2nd_Ulan-18,Ulaanbaatar,2021-06-18,,18,,39.45833333,32.83333333,89.58333333,4.375,0.486416667,205.0416667,0.666666667,14.59583333,41.70833333,864.0833333,16.357,2.839,6.37,4.13,0.878,2.632,0.583,0.258,0.192,6.064,0.182,,,,,,,73.59
FRIEND_2nd_Ulan-19,Ulaanbaatar,2021-06-19,,19,17.875,38.58333333,21.625,71.125,6.083333333,0.57225,118.3333333,0.708333333,17.02916667,41.20833333,863.2083333,13.445,1.67,5.75,4.66,0.803,1.912,0.376,0.241,0.064,4,0.153,,,,,,,90.42
FRIEND_2nd_Ulan-20,Ulaanbaatar,2021-06-20,,20,,40.58333333,17.41666667,67.16666667,7.75,0.626958333,115.1666667,0.833333333,20.15416667,37.79166667,863.5,13.686,2.014,5.69,2.93,0.804,1.898,0.363,0.338,0.164,4.251,0.159,,,,,,,50.56
FRIEND_2nd_Ulan-21,Ulaanbaatar,2021-06-21,,21,,42.33333333,19.5,71.75,5.458333333,0.546583333,118.75,1.375,20.97916667,39.04166667,864.3333333,10.385,1.229,2.92,2.53,0.561,1.29,0.23,0.226,0.106,2.816,0.109,,,,,,,9.57
FRIEND_2nd_Ulan-22,Ulaanbaatar,2021-06-22,Event,22,16.25,48.08333333,27,89.08333333,1.333333333,0.539583333,70.41666667,0.916666667,16.4625,64.66666667,864.625,7.081,1.384,3.84,2.75,0.646,1.286,0.137,0.369,0.088,1.795,0.073,,,,,,,65.03
FRIEND_2nd_Ulan-23,Ulaanbaatar,2021-06-23,Event,23,17.75,56,21.95833333,89.20833333,12.75,0.296583333,158.8333333,0.916666667,20.00833333,45.75,863.5,13.41,1.709,4.91,3.5,1.275,2.293,0.41,0.37,0.147,4.123,0.175,,,,,,,39.19
FRIEND_2nd_Ulan-24,Ulaanbaatar,2021-06-24,,24,15.5,50.875,24.45833333,88.125,4.75,0.477583333,159.2916667,0.833333333,19.65416667,51.41666667,860.5833333,12.125,1.729,3.66,2.98,0.999,2.03,0.381,0.183,0.133,4.023,0.156,,,,,,,14.87
FRIEND_2nd_Ulan-25,Ulaanbaatar,2021-06-25,,25,17.16666667,42.29166667,31.16666667,89.29166667,5.708333333,0.694458333,84.08333333,0.625,17.05833333,63.04166667,863.125,10.566,1.299,4.53,2.61,0.796,1.91,0.288,0.277,0.14,2.805,0.137,,,,,,,51.4
FRIEND_2nd_Ulan-26,Ulaanbaatar,2021-06-26,Event,26,22.375,49.75,26.54166667,89.91666667,11.45833333,0.332375,125.875,0.875,21.82916667,42.5,864.4166667,16.648,2.532,6.42,2.82,1.807,3.863,0.728,0.491,0.228,5.886,0.265,,,,,,,52.9
FRIEND_2nd_Ulan-27,Ulaanbaatar,2021-06-27,Event,27,23.66666667,48.91666667,17.33333333,75.04166667,5.5,0.454458333,106,0.958333333,24.37083333,38.04166667,862.4583333,16.338,1.731,5.61,2.66,1.392,3.847,0.706,0.306,0.228,7.787,0.27,,,,,,,20.62
FRIEND_2nd_Ulan-28,Ulaanbaatar,2021-06-28,,28,13.95833333,43.29166667,33.70833333,94.625,3.708333333,0.697208333,169.875,0.708333333,19.01666667,62.33333333,858.125,10.807,1.301,3.09,2.01,0.674,1.907,0.249,0.135,0.101,2.682,0.124,,,,,,,19.31
FRIEND_2nd_Ulan-29,Ulaanbaatar,2021-06-29,Non-event,29,9.652173913,31.08695652,33.7826087,82.39130435,1.571428571,0.113045455,206.2608696,0.956521739,11.30434783,77.43478261,860.173913,2.825,0.598,1.1,0.27,0.062,0.267,0.035,0.015,,0.42,0.019,,,,,,,25.43
FRIEND_2nd_Ulan-30,Ulaanbaatar,2021-06-30,Non-event,30,8.785714286,38.85714286,44.21428571,106.0714286,0.428571429,0.643285714,266.5,0.928571429,11.67142857,73.28571429,862,3.734,0.716,2.12,1.4,0.145,0.404,0.074,0.053,0.047,1.059,0.05,,,,,,,26.92
